INSERT INTO `Player` (id, uuid)
VALUES (1, '1461170a-ce2b-4894-9713-ee476a2c703a'),
       (2, '367acdd7-ec2c-4e27-9478-31c1fe5cde8a'),
       (3, '069a79f4-44e9-4726-a5be-fca90e38aaf5'),
       (4, 'e747b20f-0d9a-4a53-8712-821b236ec6ae'),
       (5, '9df174dc-b5fc-483e-9b70-e291e3e96427'),
       (6, 'f84c6a79-0a4e-45e0-879b-cd49ebd4c4e2'),
       (7, '5ab769ce-25f9-46de-9cff-7532129ad56b'),
       (8, '3e70cd57-a0f3-40df-a802-b0b63f7f0a7e'),
       (9, 'ee459773-beea-4890-bdfd-ec2ed6423d16'),
       (10, 'a76456c-02d2-64fd-98a6-3a4ccd70e2d17'),
       (11, 'dc78d78-830b-b427-5b5e-565d97590741f');

INSERT INTO `Team` (id, name, team_type)
VALUES (1, 'Gryffindor', 'QUIDDITCH'),
       (2, 'Slytherin', 'QUIDDITCH'),
       (3, 'Hufflepuff', 'QUIDDITCH'),
       (4, 'Ravenclaw', 'QUIDDITCH'),
       (5, 'Aurors', 'DUEL'),
       (6, 'Death Eaters', 'DUEL');

/*INSERT DUEL RESULTS AND PROFILES*/
INSERT INTO `Duel_Player` (id, elo, losses, wins, player_id)
VALUES (1, 1200, 0, 0, 6),
       (2, 500, 10, 0, 5),
       (3, 2400, 1, 8, 4),
       (4, 1567, 5, 9, 3),
       (5, 2090, 0, 11, 2),
       (6, 1200, 0, 0, 1),
       (7, 1200, 0, 0, 7),
       (8, 1200, 0, 0, 8),
       (9, 1200, 0, 0, 9),
       (10, 1200, 0, 0, 10),
       (11, 1200, 0, 0, 11);

INSERT INTO `Duel_Match` (id, match_date, new_loser_elo, new_winner_elo, old_loser_elo, old_winner_elo, loser_id, winner_id)
VALUES (1, '2020-04-21 20:41:28.824', 1200, 1500, 1211, 1300, 2, 1),
       (2, '2020-04-22 20:41:28.824', 1500, 1400, 2000, 1300, 2, 5),
       (3, '2020-05-21 20:41:28.824', 2400, 1450, 3000, 1300, 3, 1),
       (4, '2020-03-21 20:41:28.824', 1111, 1400, 1112, 1300, 2, 3),
       (5, '2020-04-23 20:41:28.824', 2431, 1460, 2531, 1300, 6, 1),
       (6, '2020-05-25 20:41:28.824', 1232, 1400, 1111, 1300, 2, 4),
       (7, '2020-04-25 20:41:28.824', 1200, 2400, 1111, 1300, 2, 1),
       (8, '2020-04-18 20:41:28.824', 3214, 1400, 1111, 1300, 5, 5),
       (9, '2020-04-05 20:41:28.824', 880, 1400, 1111, 1300, 2, 1),
       (10, '2020-04-05 20:41:28.824', 880, 1400, 1111, 1300, 5, 1),
       (11, '2020-04-20 20:41:28.824', 900, 1400, 1111, 1300, 2, 1);